{"cameraMode":{"drawMode":0,"name":"Shaded","section":"Shading Mode"},"sceneLighting":false,"audioPlay":false,"sceneViewState":{"m_AlwaysRefresh":false,"showFog":true,"showSkybox":false,"showFlares":true,"showImageEffects":true,"showParticleSystems":true,"showVisualEffectGraphs":true,"m_FxEnabled":true},"in2DMode":false,"pivot":{"x":-0.4996858835220337,"y":0.34224578738212588,"z":-0.05769367143511772},"rotation":{"x":0.05771097540855408,"y":0.11107894778251648,"z":-0.006181539036333561,"w":0.9921777844429016},"size":1.194446086883545,"orthographic":false}